<?xml version="1.0" encoding="UTF-8"?>
<!DOCTYPE us-patent-grant SYSTEM "us-patent-grant-v43-2012-12-04.dtd" [ ]>
<us-patent-grant lang="EN" dtd-version="v4.3 2012-12-04" file="USD0689294-20130910.XML" status="PRODUCTION" id="us-patent-grant" country="US" date-produced="20130828" date-publ="20130910">
<us-bibliographic-data-grant>
<publication-reference>
<document-id>
<country>US</country>
<doc-number>D0689294</doc-number>
<kind>S1</kind>
<date>20130910</date>
</document-id>
</publication-reference>
<application-reference appl-type="design">
<document-id>
<country>US</country>
<doc-number>29418044</doc-number>
<date>20120411</date>
</document-id>
</application-reference>
<us-application-series-code>29</us-application-series-code>
<us-term-of-grant>
<length-of-grant>14</length-of-grant>
</us-term-of-grant>
<classification-locarno>
<edition>9</edition>
<main-classification>0601</main-classification>
</classification-locarno>
<classification-national>
<country>US</country>
<main-classification>D 6372</main-classification>
</classification-national>
<invention-title id="d2e53">Transparent base chair</invention-title>
<us-references-cited>
<us-citation>
<patcit num="00001">
<document-id>
<country>US</country>
<doc-number>D240311</doc-number>
<kind>S</kind>
<name>Owens</name>
<date>19760600</date>
</document-id>
</patcit>
<category>cited by examiner</category>
<classification-national><country>US</country><main-classification>D 6375</main-classification></classification-national>
</us-citation>
<us-citation>
<patcit num="00002">
<document-id>
<country>US</country>
<doc-number>D360995</doc-number>
<kind>S</kind>
<name>Pedersen</name>
<date>19950800</date>
</document-id>
</patcit>
<category>cited by examiner</category>
<classification-national><country>US</country><main-classification>D 6371</main-classification></classification-national>
</us-citation>
<us-citation>
<patcit num="00003">
<document-id>
<country>US</country>
<doc-number>D572929</doc-number>
<kind>S</kind>
<name>van Ierssel et al.</name>
<date>20080700</date>
</document-id>
</patcit>
<category>cited by examiner</category>
<classification-national><country>US</country><main-classification>D 6375</main-classification></classification-national>
</us-citation>
<us-citation>
<patcit num="00004">
<document-id>
<country>US</country>
<doc-number>D588825</doc-number>
<kind>S</kind>
<name>van Ierssel et al.</name>
<date>20090300</date>
</document-id>
</patcit>
<category>cited by examiner</category>
<classification-national><country>US</country><main-classification>D 6375</main-classification></classification-national>
</us-citation>
<us-citation>
<patcit num="00005">
<document-id>
<country>US</country>
<doc-number>D625117</doc-number>
<kind>S</kind>
<name>Houriet</name>
<date>20101000</date>
</document-id>
</patcit>
<category>cited by examiner</category>
<classification-national><country>US</country><main-classification>D 6379</main-classification></classification-national>
</us-citation>
<us-citation>
<patcit num="00006">
<document-id>
<country>US</country>
<doc-number>D639079</doc-number>
<kind>S</kind>
<name>Kreitmann</name>
<date>20110600</date>
</document-id>
</patcit>
<category>cited by examiner</category>
<classification-national><country>US</country><main-classification>D 6335</main-classification></classification-national>
</us-citation>
<us-citation>
<patcit num="00007">
<document-id>
<country>US</country>
<doc-number>D651427</doc-number>
<kind>S</kind>
<name>Cox</name>
<date>20120100</date>
</document-id>
</patcit>
<category>cited by examiner</category>
<classification-national><country>US</country><main-classification>D 6375</main-classification></classification-national>
</us-citation>
<us-citation>
<patcit num="00008">
<document-id>
<country>US</country>
<doc-number>D679516</doc-number>
<kind>S</kind>
<name>Zannella</name>
<date>20130400</date>
</document-id>
</patcit>
<category>cited by examiner</category>
<classification-national><country>US</country><main-classification>D 6375</main-classification></classification-national>
</us-citation>
</us-references-cited>
<number-of-claims>1</number-of-claims>
<us-exemplary-claim>1</us-exemplary-claim>
<us-field-of-classification-search>
<classification-national>
<country>US</country>
<main-classification>D 6334-336</main-classification>
<additional-info>unstructured</additional-info>
</classification-national>
<classification-national>
<country>US</country>
<main-classification>D 6344-353</main-classification>
<additional-info>unstructured</additional-info>
</classification-national>
<classification-national>
<country>US</country>
<main-classification>D 6360-381</main-classification>
<additional-info>unstructured</additional-info>
</classification-national>
<classification-national>
<country>US</country>
<main-classification>D 6388</main-classification>
</classification-national>
<classification-national>
<country>US</country>
<main-classification>D 6403</main-classification>
</classification-national>
<classification-national>
<country>US</country>
<main-classification>D 6491-502</main-classification>
<additional-info>unstructured</additional-info>
</classification-national>
<classification-national>
<country>US</country>
<main-classification>D 6692</main-classification>
</classification-national>
<classification-national>
<country>US</country>
<main-classification>D 6708</main-classification>
</classification-national>
<classification-national>
<country>US</country>
<main-classification>D 6716</main-classification>
</classification-national>
<classification-national>
<country>US</country>
<main-classification>D 67162-7164</main-classification>
<additional-info>unstructured</additional-info>
</classification-national>
<classification-national>
<country>US</country>
<main-classification>297 161</main-classification>
</classification-national>
<classification-national>
<country>US</country>
<main-classification>297 22</main-classification>
</classification-national>
<classification-national>
<country>US</country>
<main-classification>297 31</main-classification>
</classification-national>
<classification-national>
<country>US</country>
<main-classification>297 35</main-classification>
</classification-national>
<classification-national>
<country>US</country>
<main-classification>2972171</main-classification>
</classification-national>
<classification-national>
<country>US</country>
<main-classification>29722812</main-classification>
</classification-national>
<classification-national>
<country>US</country>
<main-classification>297239</main-classification>
</classification-national>
<classification-national>
<country>US</country>
<main-classification>29725616</main-classification>
</classification-national>
<classification-national>
<country>US</country>
<main-classification>2972716</main-classification>
</classification-national>
<classification-national>
<country>US</country>
<main-classification>2972844-2845</main-classification>
<additional-info>unstructured</additional-info>
</classification-national>
<classification-national>
<country>US</country>
<main-classification>297291</main-classification>
</classification-national>
<classification-national>
<country>US</country>
<main-classification>297297</main-classification>
</classification-national>
<classification-national>
<country>US</country>
<main-classification>2973024</main-classification>
</classification-national>
<classification-national>
<country>US</country>
<main-classification>2974112</main-classification>
</classification-national>
<classification-national>
<country>US</country>
<main-classification>29741127-41129</main-classification>
<additional-info>unstructured</additional-info>
</classification-national>
<classification-national>
<country>US</country>
<main-classification>29741143</main-classification>
</classification-national>
<classification-national>
<country>US</country>
<main-classification>2974231</main-classification>
</classification-national>
<classification-national>
<country>US</country>
<main-classification>29742312</main-classification>
</classification-national>
<classification-national>
<country>US</country>
<main-classification>29744011</main-classification>
</classification-national>
<classification-national>
<country>US</country>
<main-classification>29744015</main-classification>
</classification-national>
<classification-national>
<country>US</country>
<main-classification>29744024</main-classification>
</classification-national>
<classification-national>
<country>US</country>
<main-classification>2974481</main-classification>
</classification-national>
<classification-national>
<country>US</country>
<main-classification>2974514</main-classification>
</classification-national>
<classification-national>
<country>US</country>
<main-classification>29745213</main-classification>
</classification-national>
<classification-national>
<country>US</country>
<main-classification>29745219</main-classification>
</classification-national>
<classification-national>
<country>US</country>
<main-classification>29745221</main-classification>
</classification-national>
<classification-national>
<country>US</country>
<main-classification>29745227</main-classification>
</classification-national>
<classification-national>
<country>US</country>
<main-classification>29745229</main-classification>
</classification-national>
<classification-national>
<country>US</country>
<main-classification>2974523</main-classification>
</classification-national>
<classification-national>
<country>US</country>
<main-classification>29745241</main-classification>
</classification-national>
<classification-national>
<country>US</country>
<main-classification>29745256</main-classification>
</classification-national>
<classification-national>
<country>US</country>
<main-classification>29745264</main-classification>
</classification-national>
</us-field-of-classification-search>
<figures>
<number-of-drawing-sheets>3</number-of-drawing-sheets>
<number-of-figures>6</number-of-figures>
</figures>
<us-parties>
<us-applicants>
<us-applicant sequence="001" app-type="applicant" designation="us-only">
<addressbook>
<last-name>Levine</last-name>
<first-name>David</first-name>
<address>
<city>Valley Village</city>
<state>CA</state>
<country>US</country>
</address>
</addressbook>
<residence>
<country>US</country>
</residence>
</us-applicant>
</us-applicants>
<inventors>
<inventor sequence="001" designation="us-only">
<addressbook>
<last-name>Levine</last-name>
<first-name>David</first-name>
<address>
<city>Valley Village</city>
<state>CA</state>
<country>US</country>
</address>
</addressbook>
</inventor>
</inventors>
<agents>
<agent sequence="01" rep-type="attorney">
<addressbook>
<orgname>Cotman IP Law Group, PLC</orgname>
<address>
<country>unknown</country>
</address>
</addressbook>
</agent>
</agents>
</us-parties>
<examiners>
<primary-examiner>
<last-name>Pham</last-name>
<first-name>Ricky</first-name>
<department>2913</department>
</primary-examiner>
</examiners>
</us-bibliographic-data-grant>
<drawings id="DRAWINGS">
<figure id="Fig-EMI-D00000" num="00000">
<img id="EMI-D00000" he="95.84mm" wi="120.73mm" file="USD0689294-20130910-D00000.TIF" alt="embedded image" img-content="drawing" img-format="tif"/>
</figure>
<figure id="Fig-EMI-D00001" num="00001">
<img id="EMI-D00001" he="228.35mm" wi="186.52mm" file="USD0689294-20130910-D00001.TIF" alt="embedded image" img-content="drawing" img-format="tif"/>
</figure>
<figure id="Fig-EMI-D00002" num="00002">
<img id="EMI-D00002" he="222.08mm" wi="186.52mm" file="USD0689294-20130910-D00002.TIF" alt="embedded image" img-content="drawing" img-format="tif"/>
</figure>
<figure id="Fig-EMI-D00003" num="00003">
<img id="EMI-D00003" he="225.38mm" wi="180.26mm" file="USD0689294-20130910-D00003.TIF" alt="embedded image" img-content="drawing" img-format="tif"/>
</figure>
</drawings>
<description id="description">
<?brief-description-of-drawings description="Brief Description of Drawings" end="lead"?>
<description-of-drawings>
<p id="p-0001" num="0001"><figref idref="DRAWINGS">FIG. 1</figref> is a perspective view of a transparent base chair in accordance with the design;</p>
<p id="p-0002" num="0002"><figref idref="DRAWINGS">FIG. 2</figref> is a top plan view thereof;</p>
<p id="p-0003" num="0003"><figref idref="DRAWINGS">FIG. 3</figref> is a bottom plan view thereof;</p>
<p id="p-0004" num="0004"><figref idref="DRAWINGS">FIG. 4</figref> is a left elevational view thereof;</p>
<p id="p-0005" num="0005"><figref idref="DRAWINGS">FIG. 5</figref> is a right elevational view thereof; and,</p>
<p id="p-0006" num="0006"><figref idref="DRAWINGS">FIG. 6</figref> is a front elevational view thereof.</p>
</description-of-drawings>
<?brief-description-of-drawings description="Brief Description of Drawings" end="tail"?>
</description>
<us-claim-statement>CLAIM</us-claim-statement>
<claims id="claims">
<claim id="CLM-00001" num="00001">
<claim-text>The ornamental design for a transparent base chair, as shown and described herein.</claim-text>
</claim>
</claims>
</us-patent-grant>
